Lead,Priority,Contact Route,Subject,Message,Use Case Angle,Status
Saras Analytics,A,info@sarasanalytics.com; support@sarasanalytics.com,Quick question about ecommerce data cleanup,"Hi Saras Analytics team - quick question. I am building Archimedes, a tool that turns messy ecommerce and SaaS exports into focused action reports. Since Saras Analytics works around ecommerce data and analytics, I wondered if merchant exports, demo datasets, or reporting prep ever take more manual cleanup than they should. If yes, I can send a short example report. No worries if this is not relevant.",Ecommerce analytics reporting prep,Ready for manual review
Polar Analytics,A,https://www.polaranalytics.com/l/causal-lift,Quick question about ecommerce data cleanup,"Hi Polar Analytics team - quick question. I am building Archimedes, a tool that turns messy ecommerce and SaaS exports into focused action reports. Since Polar works around ecommerce analytics, I wondered if merchant exports, demo datasets, or reporting prep ever take more manual cleanup than they should. If yes, I can send a short example report. No worries if this is not relevant.",Ecommerce analytics reporting prep,Ready for manual form/LinkedIn review
Elevar,A,https://www.getelevar.com/improve-facebook-performance/,Quick question about ecommerce data cleanup,"Hi Elevar team - quick question. I am building Archimedes, a tool that turns messy ecommerce and SaaS exports into focused action reports. Since Elevar works around ecommerce data and tracking, I wondered if merchant exports, demo datasets, or reporting prep ever take more manual cleanup than they should. If yes, I can send a short example report. No worries if this is not relevant.",Tracking and reporting data cleanup,Ready for manual form/LinkedIn review
RetentionX,A,https://retentionx.com/public/get-demo,Quick question about ecommerce data cleanup,"Hi RetentionX team - quick question. I am building Archimedes, a tool that turns messy ecommerce and SaaS exports into focused action reports. Since RetentionX works around ecommerce retention data, I wondered if merchant exports, demo datasets, or reporting prep ever take more manual cleanup than they should. If yes, I can send a short example report. No worries if this is not relevant.",Retention analytics and merchant export cleanup,Ready for manual form/LinkedIn review
Qikify,A,contact@qikify.com,Quick question about ecommerce data cleanup,"Hi Qikify team - quick question. I am building Archimedes, a tool that turns messy ecommerce and SaaS exports into focused action reports. Since Qikify works with Shopify merchants, I wondered if Shopify exports, app reports, or spreadsheet cleanup ever slow your team or users down. If yes, I can send a short example report. No worries if this is not relevant.",Shopify app reports and merchant exports,Ready for manual review
Cloudfy,A,support@cloudfy.com,Quick question about ecommerce data cleanup,"Hi Cloudfy team - quick question. I am building Archimedes, a tool that turns messy ecommerce and SaaS exports into focused action reports. Since Cloudfy works in B2B ecommerce, I wondered if product, customer, order, or reporting exports ever take more cleanup than they should. If yes, I can send a short example report. No worries if this is not relevant.",B2B ecommerce export cleanup,Ready for manual review
RepSpark,A,https://www.repspark.com/sales,Quick question about ecommerce data cleanup,"Hi RepSpark team - quick question. I am building Archimedes, a tool that turns messy ecommerce and SaaS exports into focused action reports. Since RepSpark works in B2B ecommerce, I wondered if product, customer, order, or reporting exports ever take more cleanup than they should. If yes, I can send a short example report. No worries if this is not relevant.",B2B ecommerce export cleanup,Ready for manual form/LinkedIn review
KnoCommerce,A,Needs route verification,Quick question about ecommerce data cleanup,"Hi KnoCommerce team - quick question. I am building Archimedes, a tool that turns messy ecommerce and SaaS exports into focused action reports. Since KnoCommerce works around ecommerce customer data, I wondered if merchant exports, survey/reporting data, or demo datasets ever take more cleanup than they should. If yes, I can send a short example report. No worries if this is not relevant.",Ecommerce customer data cleanup,Needs contact route check
Glew,A,Needs route verification,Quick question about ecommerce data cleanup,"Hi Glew team - quick question. I am building Archimedes, a tool that turns messy ecommerce and SaaS exports into focused action reports. Since Glew works around ecommerce analytics, I wondered if merchant exports, reporting prep, or demo datasets ever take more manual cleanup than they should. If yes, I can send a short example report. No worries if this is not relevant.",Ecommerce analytics reporting prep,Needs contact route check
Etail Solutions,B,info@etailsolutions.com,Useful for ecommerce reporting workflows?,"Hi Etail Solutions team - quick question. I am building Archimedes, a tool that turns messy ecommerce and SaaS exports into focused action reports. Since Etail Solutions works in ecommerce operations, I wondered if marketplace, order, or reporting exports ever take more cleanup than they should. If yes, I can send a short example report. No worries if this is not relevant.",Ecommerce operations reporting cleanup,Ready for manual review
