Recommended Wave,Pipeline Score,Lead Name,Priority,Segment,Category,Contact Method,Public Email(s),Contact/Demo URL,Suggested Subject,Outreach Angle,Next Action,Recommended Asset,Email Ready Status,Notes
Wave 1,88,Niblin,A,Ecommerce analytics,Ecommerce analytics,Public business email,support@niblin.com; atul@niblin.com,https://niblin.com/solutions/sales,Quick question about ecommerce data cleanup,"Ask whether Niblin needs cleaner ecommerce datasets or reporting workflows for demos, analysis, or customer-facing insights.",Manual email review,Ecommerce stockout report,Ready with email,No medical. Verify before sending.
Wave 1,88,Omnycode,A,Ecommerce analytics,Ecommerce agency / analytics,Public business email,info@omnycode.com,https://omnycode.com/contact/,Quick question about ecommerce data cleanup,"Ask whether Omnycode needs cleaner ecommerce datasets or reporting workflows for demos, analysis, or customer-facing insights.",Manual email review,Ecommerce stockout report,Ready with email,No medical. Verify before sending.
Wave 1,88,Saras Analytics,A,Ecommerce analytics,Ecommerce analytics,Public business email,info@sarasanalytics.com; support@sarasanalytics.com,https://www.sarasanalytics.com/contact-us,Quick question about ecommerce data cleanup,"Ask whether Saras Analytics needs cleaner ecommerce datasets or reporting workflows for demos, analysis, or customer-facing insights.",Manual email review,Ecommerce stockout report,Ready with email,No medical. Email from public contact/help pages; verify before sending.
Wave 1,86,Cloudfy,A,B2B ecommerce SaaS,B2B ecommerce SaaS,Public business email,support@cloudfy.com,https://cloudfy.com/contact,Quick question about ecommerce data cleanup,"Ask whether Cloudfy deals with messy B2B ecommerce exports, product/customer files, or reporting data that slows analysis.",Manual email review,Ecommerce stockout report,Ready with email,No medical. Verify before sending.
Wave 1,86,Turis,A,B2B ecommerce SaaS,B2B ecommerce SaaS,Public business email,contact@turis.app,https://turis.app/,Quick question about ecommerce data cleanup,"Ask whether Turis deals with messy B2B ecommerce exports, product/customer files, or reporting data that slows analysis.",Manual email review,Ecommerce stockout report,Ready with email,No medical. Email from public site/privacy pages; verify before sending.
Wave 1,86,k-eCommerce,A,B2B ecommerce SaaS,B2B ecommerce SaaS,Public business email,needs.1-855-532-6663support@k-ecommerce.zendesk.com; support@k-ecommerce.zendesk.com,https://k-ecommerce.com/contact,Quick question about ecommerce data cleanup,"Ask whether k-eCommerce deals with messy B2B ecommerce exports, product/customer files, or reporting data that slows analysis.",Manual email review,Ecommerce stockout report,Ready with email,No medical. Verify before sending.
Wave 1,82,Boost Commerce,A,Shopify ecosystem,Shopify apps / ecommerce SaaS,Public business email,firstname@yourcompany.com,https://boostcommerce.net/platform/merchandising,Quick question about ecommerce data cleanup,"Ask whether Boost Commerce or its merchants deal with messy Shopify exports, app reports, or spreadsheet cleanup.",Manual email review,Ecommerce stockout report,Ready with email,No medical. Verify before sending.
Wave 1,82,Optinify / Appscomio,A,Shopify ecosystem,Shopify apps / ecommerce SaaS,Public business email,support@optinify.ai,https://optinify.ai/terms-condition,Quick question about ecommerce data cleanup,"Ask whether Optinify / Appscomio or its merchants deal with messy Shopify exports, app reports, or spreadsheet cleanup.",Manual email review,Ecommerce stockout report,Ready with email,No medical. Email from public terms page; verify before sending.
Wave 1,82,Profitonium Apps,A,Shopify ecosystem,Shopify apps,Public business email,hello@profitoniumapps.com,https://www.profitoniumapps.com/terms-conditions,Quick question about ecommerce data cleanup,"Ask whether Profitonium Apps or its merchants deal with messy Shopify exports, app reports, or spreadsheet cleanup.",Manual email review,Ecommerce stockout report,Ready with email,No medical. Email from public website/terms; verify before sending.
Wave 1,82,Qikify,A,Shopify ecosystem,Shopify apps / ecommerce SaaS,Public business email,contact@qikify.com,https://qikify.com/pages/qikify-sales-pop-up-proof,Quick question about ecommerce data cleanup,"Ask whether Qikify or its merchants deal with messy Shopify exports, app reports, or spreadsheet cleanup.",Manual email review,Ecommerce stockout report,Ready with email,No medical. Verify before sending.
Wave 1,82,Secomapp,A,Shopify ecosystem,Shopify apps,Public business email,support@secomapp.com,https://www.secomapp.com/contact-us/,Quick question about ecommerce data cleanup,"Ask whether Secomapp or its merchants deal with messy Shopify exports, app reports, or spreadsheet cleanup.",Manual email review,Ecommerce stockout report,Ready with email,No medical. Verify before sending.
Wave 1,82,venntov,A,Shopify ecosystem,Shopify apps / SaaS,Public business email,support@seomanager.com,https://support.seomanager.com/,Quick question about ecommerce data cleanup,"Ask whether venntov or its merchants deal with messy Shopify exports, app reports, or spreadsheet cleanup.",Manual email review,Ecommerce stockout report,Ready with email,No medical. Verify before sending.
Wave 2,72,Elevar,A,Ecommerce analytics,Ecommerce analytics / tracking,Contact/demo form,,https://www.getelevar.com/improve-facebook-performance/,Quick question about ecommerce data cleanup,"Ask whether Elevar needs cleaner ecommerce datasets or reporting workflows for demos, analysis, or customer-facing insights.",Manual form/LinkedIn route verification,Ecommerce stockout report,Ready via form/LinkedIn,No medical. Verify before sending.
Wave 2,72,Glew,A,Ecommerce analytics,Ecommerce analytics,Contact/demo form,,https://www.glew.io/articles/mastering-omni-channel-retail-strategies-from-our-unified-data-playbook,Quick question about ecommerce data cleanup,"Ask whether Glew needs cleaner ecommerce datasets or reporting workflows for demos, analysis, or customer-facing insights.",Manual form/LinkedIn route verification,Ecommerce stockout report,Ready via form/LinkedIn,No medical. Verify before sending.
Wave 2,72,Lucky Orange,A,Ecommerce analytics,Website analytics / ecommerce UX,Contact/demo form,,https://www.luckyorange.com/contact,Quick question about ecommerce data cleanup,"Ask whether Lucky Orange needs cleaner ecommerce datasets or reporting workflows for demos, analysis, or customer-facing insights.",Manual form/LinkedIn route verification,Ecommerce stockout report,Ready via form/LinkedIn,No medical. Verify before sending.
Wave 2,72,Polar Analytics,A,Ecommerce analytics,Ecommerce analytics,Contact/demo form,,https://www.polaranalytics.com/l/causal-lift,Quick question about ecommerce data cleanup,"Ask whether Polar Analytics needs cleaner ecommerce datasets or reporting workflows for demos, analysis, or customer-facing insights.",Manual form/LinkedIn route verification,Ecommerce stockout report,Ready via form/LinkedIn,No medical. Verify before sending.
Wave 2,72,RetentionX,A,Ecommerce analytics,DTC ecommerce analytics,Contact/demo form,,https://retentionx.com/public/get-demo,Quick question about ecommerce data cleanup,"Ask whether RetentionX needs cleaner ecommerce datasets or reporting workflows for demos, analysis, or customer-facing insights.",Manual form/LinkedIn route verification,Ecommerce stockout report,Ready via form/LinkedIn,No medical. Verify before sending.
Wave 2,70,Apex B2B,A,B2B ecommerce SaaS,B2B ecommerce SaaS,Contact/demo form,,https://apexb2b.com/,Quick question about ecommerce data cleanup,"Ask whether Apex B2B deals with messy B2B ecommerce exports, product/customer files, or reporting data that slows analysis.",Manual form/LinkedIn route verification,Ecommerce stockout report,Ready via form/LinkedIn,No medical. Verify before sending.
Wave 2,70,B2 eCommerce,A,B2B ecommerce SaaS,B2B ecommerce SaaS,Contact/demo form,,https://www.b2ecommerce.com/contact,Quick question about ecommerce data cleanup,"Ask whether B2 eCommerce deals with messy B2B ecommerce exports, product/customer files, or reporting data that slows analysis.",Manual form/LinkedIn route verification,Ecommerce stockout report,Ready via form/LinkedIn,No medical. Verify before sending.
Wave 2,70,CommerceBolt,A,B2B ecommerce SaaS,Shopify Plus / B2B ecommerce,Contact/demo form,,https://commercebolt.com/resources/shopify-success-playbook/,Quick question about ecommerce data cleanup,"Ask whether CommerceBolt deals with messy B2B ecommerce exports, product/customer files, or reporting data that slows analysis.",Manual form/LinkedIn route verification,Ecommerce stockout report,Ready via form/LinkedIn,No medical. Verify before sending.
Wave 2,70,Digitrade,A,B2B ecommerce SaaS,B2B ecommerce SaaS,Contact/demo form,,https://www.digitrade.io/contact,Quick question about ecommerce data cleanup,"Ask whether Digitrade deals with messy B2B ecommerce exports, product/customer files, or reporting data that slows analysis.",Manual form/LinkedIn route verification,Ecommerce stockout report,Ready via form/LinkedIn,No medical. Verify before sending.
Wave 2,70,Premio B2B eCommerce,A,B2B ecommerce SaaS,B2B ecommerce SaaS,Contact/demo form,,https://premio.io/downloads/sticky-floating-contact-form/,Quick question about ecommerce data cleanup,"Ask whether Premio B2B eCommerce deals with messy B2B ecommerce exports, product/customer files, or reporting data that slows analysis.",Manual form/LinkedIn route verification,Ecommerce stockout report,Ready via form/LinkedIn,No medical. Verify before sending.
Wave 2,70,RepSpark,A,B2B ecommerce SaaS,B2B ecommerce SaaS,Contact/demo form,,https://www.repspark.com/sales,Quick question about ecommerce data cleanup,"Ask whether RepSpark deals with messy B2B ecommerce exports, product/customer files, or reporting data that slows analysis.",Manual form/LinkedIn route verification,Ecommerce stockout report,Ready via form/LinkedIn,No medical. Verify before sending.
Wave 2,70,Slize Commerce,A,B2B ecommerce SaaS,B2B ecommerce SaaS,Contact/demo form,,https://slize.io/product/sales-tools-and-dashboards/,Quick question about ecommerce data cleanup,"Ask whether Slize Commerce deals with messy B2B ecommerce exports, product/customer files, or reporting data that slows analysis.",Manual form/LinkedIn route verification,Ecommerce stockout report,Ready via form/LinkedIn,No medical. Verify before sending.
Wave 2,68,Agenie.io,A,Ecommerce operations,Ecommerce data platform,Public business email,info@agenie.io,https://agenie.io/contact,Quick question about ecommerce data cleanup,"Ask whether Agenie.io needs cleaner ecommerce datasets or reporting workflows for demos, analysis, or customer-facing insights.",Manual email review,Ecommerce stockout report,Ready with email,No medical. Verify before sending.
Wave 2,68,Dot Commerce,A,Ecommerce operations,Ecommerce platform/services,Public business email,hello@dotcommerce.co,https://www.dotcommerce.co/contact,Quick question about ecommerce data cleanup,Ask whether Dot Commerce handles messy ecommerce/SaaS data that slows down reporting.,Manual email review,Ecommerce stockout report,Ready with email,No medical. Email from public contact page; verify before sending.
Wave 2,68,KnoCommerce,A,Ecommerce operations,Ecommerce data / surveys,Public business email,hello@knocommerce.com,https://knocommerce.com/powerful-reporting/#build-audiences,Quick question about ecommerce data cleanup,"Ask whether KnoCommerce needs cleaner ecommerce datasets or reporting workflows for demos, analysis, or customer-facing insights.",Manual email review,Ecommerce stockout report,Ready with email,No medical. Verify before sending.
Wave 2,66,Final Apps,A,Shopify ecosystem,Shopify apps,Contact/demo form,,https://appsfinal.com/contact,Quick question about ecommerce data cleanup,"Ask whether Final Apps or its merchants deal with messy Shopify exports, app reports, or spreadsheet cleanup.",Manual form/LinkedIn route verification,Ecommerce stockout report,Ready via form/LinkedIn,No medical. Verify before sending.
Wave 2,66,HeroSoftware GmbH,A,Shopify ecosystem,Shopify apps,Contact/demo form,,https://hero.software/contact,Quick question about ecommerce data cleanup,"Ask whether HeroSoftware GmbH or its merchants deal with messy Shopify exports, app reports, or spreadsheet cleanup.",Manual form/LinkedIn route verification,Ecommerce stockout report,Ready via form/LinkedIn,No medical. Verify before sending.
Wave 3,54,Essential Apps,A,Shopify ecosystem,Shopify apps,Website / support route,,https://essential-apps.com/,Quick question about ecommerce data cleanup,"Ask whether Essential Apps or its merchants deal with messy Shopify exports, app reports, or spreadsheet cleanup.",Manual form/LinkedIn route verification,Ecommerce stockout report,Ready via form/LinkedIn,No medical. Official website found; verify before sending.
Wave 3,54,StarApps Studio,A,Shopify ecosystem,Shopify apps,Website / Shopify App Store partner listing,,https://www.starapps.io/,Quick question about ecommerce data cleanup,"Ask whether StarApps Studio or its merchants deal with messy Shopify exports, app reports, or spreadsheet cleanup.",Manual form/LinkedIn route verification,Ecommerce stockout report,Ready via form/LinkedIn,No medical. Official website found; verify before sending.
Wave 3,52,Debutify,A,Ecommerce operations,Ecommerce SaaS,Contact/demo form,,https://debutify.com/demo,Quick question about ecommerce data cleanup,Ask whether Debutify handles messy ecommerce/SaaS data that slows down reporting.,Manual form/LinkedIn route verification,Ecommerce stockout report,Ready via form/LinkedIn,No medical. Verify before sending.
Wave 3,52,Global-e,A,Ecommerce operations,Cross-border ecommerce platform,Contact/demo form,,https://www.global-e.com/request-demo/,Quick question about ecommerce data cleanup,Position Archimedes as a way to clean client ecommerce data faster before reporting or analysis.,Manual form/LinkedIn route verification,Ecommerce stockout report,Ready via form/LinkedIn,No medical. Verify before sending.
Wave 3,52,Next Commerce,A,Ecommerce operations,DTC ecommerce platform,Contact/demo form,,https://www.nextcommerce.co/contact,Quick question about ecommerce data cleanup,Ask whether Next Commerce handles messy ecommerce/SaaS data that slows down reporting.,Manual form/LinkedIn route verification,Ecommerce stockout report,Ready via form/LinkedIn,No medical. Verify before sending.
Wave 3,52,SHOPLINE,A,Ecommerce operations,Ecommerce platform,Contact/demo form,,https://www.shopline.com/contact-us,Quick question about ecommerce data cleanup,Ask whether SHOPLINE handles messy ecommerce/SaaS data that slows down reporting.,Manual form/LinkedIn route verification,Ecommerce stockout report,Ready via form/LinkedIn,No medical. Verify before sending.
Wave 3,44,BeyondCart,A,Shopify ecosystem,Shopify apps / mobile commerce,Shopify App Store listing,,https://apps.shopify.com/partners/beyondcart-ood,Quick question about ecommerce data cleanup,"Ask whether BeyondCart or its merchants deal with messy Shopify exports, app reports, or spreadsheet cleanup.",Manual form/LinkedIn route verification,Ecommerce stockout report,Ready via form/LinkedIn,No medical. Shopify App Store partner page found; verify before sending.
Wave 3,42,CWILL,B,Shopify ecosystem,Shopify / DTC tools,Public business email,support@cwill.com,https://www.cwill.com/parcelwill/returns-exchanges/,Useful for ecommerce reporting workflows?,"Ask whether CWILL or its merchants deal with messy Shopify exports, app reports, or spreadsheet cleanup.",Manual email review,Ecommerce stockout report,Ready with email,No medical. Verify before sending.
Wave 3,42,Herd,B,Shopify ecosystem,Shopify agency,Public business email,hello@herd.io; shopify@herd.io,https://herd.io/pages/growth-playbook,Useful for ecommerce reporting workflows?,"Ask whether Herd or its merchants deal with messy Shopify exports, app reports, or spreadsheet cleanup.",Manual email review,Ecommerce stockout report,Ready with email,No medical. Verify before sending.
Wave 3,42,Maestrooo,B,Shopify ecosystem,Shopify Plus partner,Public business email,themes-support@maestrooo.com,https://support.maestrooo.com/collection/41-themes,Useful for ecommerce reporting workflows?,"Ask whether Maestrooo or its merchants deal with messy Shopify exports, app reports, or spreadsheet cleanup.",Manual email review,Ecommerce stockout report,Ready with email,No medical. Verify before sending.
Wave 3,42,Mandasa Technologies,B,Shopify ecosystem,Shopify Plus partner,Public business email,experts@mandasatech.com,https://mandasatech.com/about-us/,Useful for ecommerce reporting workflows?,"Ask whether Mandasa Technologies or its merchants deal with messy Shopify exports, app reports, or spreadsheet cleanup.",Manual email review,Ecommerce stockout report,Ready with email,No medical. Email from public about/contact page; verify before sending.
Wave 3,42,Third and Grove,B,Shopify ecosystem,Shopify Platinum partner,Public business email,hello@thirdandgrove.com; business@thirdandgrove.com,https://www.thirdandgrove.com/contact/,Useful for ecommerce reporting workflows?,"Ask whether Third and Grove or its merchants deal with messy Shopify exports, app reports, or spreadsheet cleanup.",Manual email review,Ecommerce stockout report,Ready with email,No medical. Verify before sending.
Wave 3,28,Amp,B,Ecommerce operations,Ecommerce growth SaaS,Public business email,amp-logo@2x.png,https://useamp.com/book-a-demo,Useful for ecommerce reporting workflows?,Ask whether Amp handles messy ecommerce/SaaS data that slows down reporting.,Manual email review,Ecommerce stockout report,Ready with email,No medical. Verify before sending.
Wave 3,28,DTC Pages,B,Other commerce/SaaS,DTC CRO agency,Public business email,agus@dtcpages.com,https://www.dtcpages.com/contact,Useful for ecommerce reporting workflows?,Position Archimedes as a way to clean client ecommerce data faster before reporting or analysis.,Manual email review,Ecommerce stockout report,Ready with email,No medical. Verify before sending.
Wave 3,28,Etail Solutions,B,Ecommerce operations,Ecommerce operations SaaS,Public business email,info@etailsolutions.com,https://www.etailsolutions.com/get-a-demo,Useful for ecommerce reporting workflows?,Ask whether Etail Solutions handles messy ecommerce/SaaS data that slows down reporting.,Manual email review,Ecommerce stockout report,Ready with email,No medical. Verify before sending.
Wave 3,28,Sunrise Integration,B,Ecommerce operations,Ecommerce systems integration,Public business email,hello@sunriseintegration.com,https://www.sunriseintegration.com/pages/contact-us,Useful for ecommerce reporting workflows?,Ask whether Sunrise Integration handles messy ecommerce/SaaS data that slows down reporting.,Manual email review,Ecommerce stockout report,Ready with email,No medical. Verify before sending.
Wave 3,26,Kubix,B,Shopify ecosystem,Shopify Platinum partner,Contact/demo form,,https://kubixmedia.co.uk/contact,Useful for ecommerce reporting workflows?,"Ask whether Kubix or its merchants deal with messy Shopify exports, app reports, or spreadsheet cleanup.",Manual form/LinkedIn route verification,Ecommerce stockout report,Ready via form/LinkedIn,No medical. Verify before sending.
Wave 3,26,QeRetail,B,Shopify ecosystem,Shopify Plus agency,Contact/demo form,,https://www.qeretail.com/facebook-advertising-services,Useful for ecommerce reporting workflows?,"Ask whether QeRetail or its merchants deal with messy Shopify exports, app reports, or spreadsheet cleanup.",Manual form/LinkedIn route verification,Ecommerce stockout report,Ready via form/LinkedIn,No medical. Verify before sending.
Wave 3,12,DTC SEO Agency,B,Ecommerce operations,Ecommerce SEO agency,Contact/demo form,,https://www.dtcseoagency.com/book-a-call,Useful for ecommerce reporting workflows?,Position Archimedes as a way to clean client ecommerce data faster before reporting or analysis.,Manual form/LinkedIn route verification,Ecommerce stockout report,Ready via form/LinkedIn,No medical. Verify before sending.
Wave 3,12,RunDTC,B,Ecommerce operations,Ecommerce / DTC agency,Contact/demo form,,https://www.rundtc.com/contact,Useful for ecommerce reporting workflows?,Position Archimedes as a way to clean client ecommerce data faster before reporting or analysis.,Manual form/LinkedIn route verification,Ecommerce stockout report,Ready via form/LinkedIn,No medical. Verify before sending.
Wave 3,12,bebook,B,Ecommerce operations,B2B SaaS / ecommerce,Contact/demo form,,https://www.bebook.com/?page_id=7271,Useful for ecommerce reporting workflows?,"Ask whether bebook deals with messy B2B ecommerce exports, product/customer files, or reporting data that slows analysis.",Manual form/LinkedIn route verification,Ecommerce stockout report,Ready via form/LinkedIn,No medical. Verify before sending.
